verb;action rules
check;create
maintaining;preserve
made;create
protected;preserve
traced back;create
finalize;create
linked;create
report;delete
depositing;create
select;create
deselect;delete
recruit;create
digitized;create
determine;create
attend;create
queue;create
ingest;create
display;create
update;create
catch;create
store;preserve
validated;create
publish;create
know immediately;preserve
accidentally broken;delete
have;preserve
correct;create
repeats;preserve
refund;create
correctly classify;preserve
moves;preserve
scheduled;create
expire;delete
occurred;preserve
run;create
overlaps;preserve
Review;preserve
establish;preserve
segment;create
download;create
receive;create
charge;preserve
allow;create
see;create
normalise;preserve
use;create
demonstrate;create
secure;preserve
view;create
skew;preserve
submit;create
used;preserve
published;create
downloads;create
follow;create
reading;create
get;create
rerun;create
attach;create
be added;create
archiving;create
sharing;create
easily meet;preserve
Pay;create
recognize;create
categorize;create
processed;create
displayed properly;create
identify;preserve
stop publishing;delete
support;create
loading;create
maintained;preserve
apply;preserve
call;preserve
report back;create
finding;create
converting;create
produced;create
incorporate;create
developed;create
present;create
locate;create
leaving;delete
answer;preserve
communicate directly;create
convey;create
validates;preserve
delegate;create
using;preserve
make sure;create
doing;create
made available;create
quickly find;create
fill;create
schedule;create
assign;create
bulk updating;create
engaged;create
find;create
choose;create
enroll;create
specify;create
harvest;create
learn;create
search;preserve
claim;create
living up to;create
prove;preserve
am up;preserve
uploading;create
provide;preserve
stored redundantly;preserve
suffers;preserve
restore;create
generate;create
preclassify;create
upgrade to;create
transferred;create
deposit;create
change;create
grant;create
sponsor;create
removed;delete
educate;create
translate;create
produce;create
go;create
manually remove;delete
set;create
connect;create
aware;preserve
fails;delete
sent;create
initiated;create
ensure;preserve
completed;create
annotated;create
searched;create
understood;preserve
be sure;create
funding;create
maintain;create
performed wrong;create
too much;preserve
fix;create
make;create
browsing;create
searching;create
show;create
developed independently;create
deployed locally;create
sign up;create
create;create
search across;create
paying;preserve
restrict access;forbid
evaluate;preserve
contact;create
showcase;create
shows;create
decide;create
post;create
narrow down;create
prioritize;create
prepared to test;create
look;preserve
upload;create
delete;delete
capture;create
clearly marked;create
shop;preserve
Manage;create
indicate;create
initiate;create
know;preserve
informs;create
deleted;delete
hidden;delete
access;create
deal;create
clean up;delete
constrain;forbid
bulk upload;create
work;preserve
handling;create
load;create
charged;preserve
query;preserve
making available;create
automatically updated;create
placed;create
reacts;create
log;create
perform;create
continue scheduling;create
choose wisely;create
compose;create
enter;create
exit;forbid
edit;create
filter;delete
reply;create
encourages;create
managing;preserve
move;create
complete;create
Send;create
uploaded;create
confirm;create
followed;preserve
populate;create
gain;create
processing;create
import;create
export;create
be notified;create
quickly writing;create
alias;create
map;create
browse through;create
earn;create
see clearly;preserve
pursue;create
electronically sharing;create
collaborate effectively;create
start publishing;create
easily create;create
extend;create
code;create
develop;create
turn;preserve
plan on attending;create
better understand;create
test;preserve
discover;create
lowered;forbid
implement in conjunction;create
help;preserve
navigate;create
Conduct;create
work in tandem;preserve
interact;preserve
group;create
put;preserve
increase;create
hide;delete
prevent spamming;forbid
make it easy;create
track;preserve
give;create
do;preserve
encourage;preserve
pushing;preserve
share;create
clearly displayed;create
highlighted;create
reach;create
remind;create
bring;create
anonymously view;create
assigned;create
involved;preserve
easily collect;create
highlight;create
preserve;preserve
always wear;create
filtered;create
happening;preserve
encouraged;create
message;create
exists;preserve
try to overwrite;delete
reflect;preserve
quickly log;preserve
navigate forwards and backwards;preserve
redact;create
include;create
demonstrated;preserve
clarify;create
getting;preserve
be assured;preserve
batch edit;preserve
charges;preserve
start developing;create
calculate;create
meet;preserve
take control;create
Modify;create
mess up;delete
activate;create
quoted correctly;preserve
went through;preserve
begin testing;create
fulfill;preserve
taken;delete
viewing;preserve
refer;create
offering;create
responds;preserve
created;create
updated;create
accessing;create
deliver;create
also receives;preserve
optionally specify;create
successfully send;create
register for;create
place;create
build;preserve
block;preserve
proceed;create
analyse;preserve
link;create
produces;create
stay current;create
interrupt;delete
accepts;preserve
are published;preserve
understand;create
works;preserve
exploiting;forbid
import only;create
watch;preserve
plan;create
enforced;preserve
dynamically request;create
added;create
applied;preserve
classified;preserve
depends;preserve
deterministically deployed locally;create
keep;preserve
only share;preserve
record;create
setting;create
re-use external;create
still allows;preserve
scroll through;create
granted;preserve
prepare;create
get going quickly;create
do next;preserve
signing up;create
helps track;preserve
attendend;preserve
refunded;preserve
links;preserve
limit;forbid
evaluated;preserve
list;create
pin;create
Be offered;create
reviewing;preserve
form;create
distribute;create
keeping track;preserve
does;preserve
adequately described;preserve
successfully render;create
begin identifying;create
customise;create
close;create
revert to;preserve
insert;create
seeing;preserve
restrict;forbid
concept;create
facilitate;create
benefit from;create
protected appropriately;preserve
implement;create
stay up to date;preserve
collecting;preserve
be sent;create
easily organize;create
randomly appear;preserve
promote;create
draw;delete
easily register for;create
easily assign;create
attached;create
validate;create
donate have to retype;preserve
relates;preserve
previewed;preserve
leave;preserve
rotate;create
collect;create
document;create
look further;preserve
start using;create
avoided;preserve
lays;preserve
reused;create
propose;create
work out;create
still retaining;create
best reflect;preserve
obtain;create
package;create
complies;preserve
adapted;preserve
Request;create
bulk approve;create
verify;create
authenticate locally;create
update automatically;create
always shows;preserve
visit;preserve
Resubmit;preserve
implemented;create
recorded;create
displayed alongside;create
motivate;create
motivates;create
sort;create
aggregate;create
teaches;create
properly record;preserve
accept;create
avoid;delete
working properly;preserve
set up;create
accommodate;create
occurring;preserve
publishing;create
refine;create
achieve;create
warn;preserve
personalize;preserve
collected;preserve
Satisfy;preserve
promotes;create
prepopulate;create
login;preserve
allows;preserve
automatically filled;preserve
reentering;create
search within;create
continuously monitored;preserve
occur;preserve
read;preserve
featured most prominently;preserve
easily find;preserve
remain sufficiently and easily informed;preserve
has;preserve
adding;create
repeatedly inserting;preserve
tie in;preserve
learn more;preserve
tweet;preserve
reset;delete
know in advance;preserve
still register;preserve
stored;preserve
examine;preserve
resolved;preserve
automatically create;create
easily keep track;preserve
posted;preserve
enable;create
log in;create
adjust;create
page through;preserve
more easily discovered;create
overwrite;delete
configure;create
provider;preserve
use later;preserve
invited;create
observe;create
say;create
begin understanding;create
discover more;create
research;preserve
sign;create
lift;delete
get to;create
administrate;create
prove definitively;create
declare;create
rearrange;create
more efficiently locate;create
pasting;create
recognizes;preserve
clearly illustrate;preserve
has and hasn't submitted;preserve
require;preserve
rapidly prototype;create
represent;create
without first joining;forbid
sign up via;create
ask;create
better prepare;create
play;preserve
work with;preserve
want;create
canonically identify;preserve
reproduced efficiently;preserve
onboard;create
reduce;forbid
changed;preserve
last registered;preserve
discovered;preserve
automatically detect;create
showcased;create
preserved;preserve
creating;create
navigating;preserve
better organize;create
adapting;preserve
fill out;create
would like;preserve
embed;create
monitoring;preserve
design;create
shadow;create
recommend;create
prevent;preserve
migrate;create
asked;preserve
distinguish;preserve
turn on/off;preserve
used again;preserve
monitors;preserve
email;create
subscribe;create
be more informed;preserve
start planning;create
play together;create
monitor;preserve
cited more easily;create
tracked;create
checked;preserve
retire;delete
forget;delete
add;create
remove;delete
closes;delete
conferred;preserve
pick up;preserve
delivering;preserve
already enrolled;preserve
still pending;preserve
allowed;preserve
reached;preserve
cite accurately;preserve
subsequently approved;preserve
denied;forbid
admitted;preserve
listed;preserve
make it easy to assess;preserve
need;preserve
check out;preserve
take action;preserve
prompted;preserve
replicate beyond;preserve
replicate remotely;preserve
(re-)use;create
verified;preserve
always keep;preserve
shared more easily;preserve
contribute;create
discuss;preserve
avoid placing;preserve
manage more efficiently;preserve
operationalize;preserve
study;preserve
wrangle;preserve
infer;preserve
save;create
feel;preserve
begin drafting;create
carrying out;preserve
archive;create
eliminate;delete
listen;preserve
easily call;preserve
notify;create
open;preserve
successfully update;create
reference;create
automatically generate;create
searching within;preserve
browse;preserve
conveniently use;create
moving;preserve
benefit;create
signed up;preserve
come;create
search specifically;preserve
preview;create
login remotely;preserve
visualise;preserve
visualised;preserve
used better;preserve
without visiting;preserve
notice;preserve
register;preserve
describe;create
link together;preserve
received;preserve
recommended;preserve
begin implementing;create
keep improving;create
see only;preserve
don't want to inadvertently overwrite;preserve
start recruiting;create
improve;create
stand to;preserve
begin recruiting;create
continue to provide;create
checking;preserve
ensuring;preserve
deploy;create
license;preserve
executing;preserve
forward;preserve
easily import;preserve
batch;preserve
compare;preserve
orient;preserve
shared;preserve
tag;create
keep them updated;preserve
manipulate;delete
reload;preserve
arrange;create
use only;preserve
unpublish;delete
get involved;preserve
suspend;create
no one can contact;preserve
theme;preserve
deny;create
approve;preserve
fail;preserve
control;create
aid;preserve
return only;preserve
downloaded;preserve
define;create
highlights;preserve
relate;create
focus;preserve
reject;forbid
go back;create
detect;preserve
still allowing;preserve
accessed;preserve
requesting;preserve
automatically inserted;preserve
automatically embed;create
process;create
drive;delete
appear only;preserve
integrate;create
renew;create
programme;create
output;preserve
accounted;preserve
annotate;create
extract;delete
immediately catches;preserve
clearly stated;preserve
take;preserve
reserve;create
successfully change;create
reusing;preserve
listens;preserve
version;preserve
reuse;preserve
rename;create
show off;create
expose;create
developed further;create
buy;create
engage;create
cancel;delete
cited;preserve
attributed;preserve
used correctly;preserve
correctly identify;create
described;preserve
referred;preserve
keep track;preserve
built;preserve
assist;preserve
communicate;preserve
elect;create
associate;create
teach;create
certify;preserve
hear;preserve
stream;create
walk around;create
be informed;preserve
speak;create
pass;create
appear;create
evolved;preserve
suggest;create
register in-time;preserve
lower;create
currently being organised;preserve
clean;create
generates;create
without becoming;preserve
begin;create
changes;preserve
appear high up;preserve
presented;preserve
immediately start playing;preserve
associated;preserve
effectively adjust;preserve
met;preserve
re-using;preserve
modified;preserve
propagated;preserve
arranged;preserve
designate;create
easily understand;preserve
administering;create
re-use;preserve
retaining;preserve
writing;create
automatically perform;create
execute;delete
brand;create
attending;create
depend;preserve
quickly correct;preserve
find out;create
making;create
more easily replicate;create
encrypted;preserve
replicated;preserve
automatically stored;preserve
working with;preserve
without downloading;preserve
join;create
start contributing;create
capturing;create
bidirectionally communicate;create
plan accordingly;create
easily read;create
view in real-time;create
visited;preserve
without having to visit;preserve
order;create
scanned;preserve
click;create
be taken to;create
read more;create
before registering;preserve
deposited;preserve
financially support;create
write;create
installs;create
look up;create
easily access;create
linked together;preserve
point;preserve
gets fewer;preserve
figure;preserve
be charged;preserve
visualize by default;create
permanently delete;delete
invite;create
guide;create
curate;create
speaks very slowly and clearly;preserve
sponsoring;create
started;preserve
prefiltering;create
summarize;create
synthesize;create
entice;create
contributing;create
users;create
mint;create
inform;create
restricts;forbid
limiting;forbid
assembly;create
crashes;delete
indent;preserve
outdent;preserve
available to view;create
mark;create
either keep;preserve
approved;preserve
stored directly;preserve
activated;create
properly track;preserve
performed;preserve
attract;create
showing;create
accepted;preserve
rejected;preserve
pick;create
rank;create
switching;preserve
disseminate;create
digitally record;preserve
guided through;preserve
successfully Conduct;preserve
improving;preserve
press;preserve
submitted;create
house;create
re-used;preserve
managed;preserve
cease;preserve
provides;preserve
points;preserve
keeps;preserve
received from;preserve
displayed;preserve
handle;preserve
backed up;preserve
take me directly;preserve
easily finish;create
make it to;create
reflects;preserve
loaded;preserve
filled;preserve
impact;preserve
completing;preserve
zoom into;preserve
be warned;preserve
cite;preserve
alerting;preserve
moved;preserve
still use;preserve
keeps working;preserve
looking;preserve
associate together;preserve
periodically showing;preserve
protect;preserve
participating;create
still ensure;preserve
thank;preserve
fulfil;preserve
get back;create
persistently store;create
collaborating;create
tell;create
push;delete
undelete;create
easily use;create
look for;create
kept secure;preserve
know exactly;preserve
enforce;create
branch;delete
customize;create
funded;create
automatically assign;create
assess;preserve
address;create
exercise regularly;create
caches;preserve
lost;delete
gets broken;preserve
still have;preserve
denote;create
be prepared;preserve
Issue;create
analyze;preserve
consider;create
come back more often;preserve
working;create
finish;create
install;create
scope;create
coming out;preserve
joined;create
remains active;preserve
visiting;create
updating;create
return to;create
direct;create
copy;create
raise;preserve
edited before;preserve
expand;create
teaching;create
hire;create
trace;create
always keep control;preserve
interested in attending;preserve
motivates more;preserve
authenticate;create
be reassured;preserve
comment;create
eliminated;delete
prefilter;create
preinstalled;create
keyword search across;create
last looked;preserve
participate;create
helps;create
keep organized;create
be emailed;create
easily notify;create
retrieve;create
tout;create
closing;delete
changing;preserve
resetting;delete
unpublished;delete
made unavailable;delete
sync;create
losing;delete
automatically validated;preserve
still work effectively;preserve
requested;preserve
mention;create
estimate;create
offer;create
working away;create
model;create
expired;delete
comply;create
voice;preserve
organize;create
credited;create
supply;create
dragging;create
paired;create
acts as;create
glance around;create
enhance;create
covering;create
upgrade;create
accomodate;create
want to attend;create
getting to;create
tests;create
functioning correctly;create
taken out;delete
